name,date,name1,email,address,city,postalZip,country
Julie Hicks,"Jul 1, 2025",(922) 745-0786,nulla.eu@outlook.org,"P.O. Box 989, 3940 Ac St.",Cape Town,39705,Costa Rica
Hu Shaw,"Jun 7, 2024",(577) 231-1529,nulla.integer@aol.org,"Ap #401-3101 Amet, Avenue",Tramonti di Sopra,784346,Netherlands
Kiara Hoover,"Sep 7, 2025",1-105-887-6265,neque.pellentesque@outlook.ca,428-6518 Et Avenue,Hainan,67514-126,Netherlands
Michelle Dale,"Nov 8, 2025",1-312-265-3313,ut.quam@outlook.org,Ap #608-7595 Mauris St.,Secunderabad,4156,United States
Cairo Pope,"Jun 15, 2024",1-814-187-7777,mi.aliquam@google.com,4480 Accumsan Avenue,Galway,11-442,Philippines
Rhiannon Rocha,"Oct 6, 2024",(240) 734-0239,non@outlook.edu,Ap #850-2043 Blandit. Road,Cañas,47304-867,Ireland
Noble Kidd,"Feb 23, 2024",(433) 532-6415,vel@aol.ca,"Ap #308-9490 Non, St.",Samara,10618,Norway
Lillith Savage,"May 2, 2024",(536) 636-5683,libero@protonmail.org,"Ap #768-6615 Tincidunt, Rd.",Fort Simpson,75-35,Sweden
Palmer Roach,"Nov 20, 2024",1-946-218-9376,ad@google.couk,Ap #720-5386 Pharetra Avenue,Jilin,908845,Norway
Tanek Harrell,"May 5, 2025",(238) 944-8102,dictum.mi.ac@hotmail.ca,"Ap #993-8057 Vulputate, Road",Zaffelare,25843,India
Hall Buchanan,"Jun 19, 2024",(883) 611-7004,cras.vulputate@aol.couk,"P.O. Box 303, 5102 Sed St.",Manukau,46714,Ireland
Serena Sanford,"May 19, 2024",1-915-495-9864,arcu.aliquam.ultrices@google.org,190-6879 Pretium Rd.,Vetlanda,36426,Spain
Jolene Aguirre,"Sep 17, 2025",1-607-911-3663,non.cursus@aol.edu,Ap #863-4940 Quisque Avenue,Tidore,12016,Netherlands
Rana Lindsey,"Jul 30, 2024",(592) 243-5167,elementum.sem@hotmail.ca,Ap #865-6323 Cursus Ave,Shimanovsk,73736-023,India
Ezra Gilmore,"Jun 20, 2024",(875) 310-3224,libero.mauris@yahoo.net,"P.O. Box 582, 5512 Augue Avenue",Meppel,73738-040,France
Reed Garrett,"Nov 17, 2025",1-233-316-2748,dolor.egestas.rhoncus@hotmail.edu,Ap #238-2823 Ac St.,Terragnolo,48428,Norway
Jade Owens,"Feb 25, 2024",(451) 554-7091,imperdiet.nec@google.org,1676 Orci. Street,New Plymouth,22661,Indonesia
Andrew Mclaughlin,"Oct 21, 2025",(619) 946-7215,donec@aol.net,717-4264 Phasellus St.,Pocatello,36353-64788,China
Aimee Shepherd,"May 27, 2025",(121) 236-7334,et.netus@outlook.ca,Ap #465-9998 Erat Av.,Cadiz,52456,Sweden
Brenna Morrison,"Feb 16, 2025",(795) 142-3658,nam@protonmail.edu,289 Tempor Rd.,Zhejiang,1679,Norway
Briar Huber,"Apr 29, 2025",1-394-955-4459,hendrerit.a@hotmail.com,Ap #647-3565 Tincidunt St.,Tam Kỳ,3666,Netherlands
Stewart Higgins,"Jan 12, 2025",(934) 729-4315,pede.ac.urna@google.couk,471-9542 Turpis. St.,Hamar,713657,Vietnam
Candace Serrano,"Aug 11, 2025",(435) 532-6444,pede.cum@aol.ca,"P.O. Box 874, 6376 Pellentesque. Avenue",Cinisi,98734,India
Patrick Lucas,"Sep 24, 2025",1-816-599-5208,orci.lacus@outlook.net,Ap #399-9361 Semper. Rd.,Chulucanas,11682,New Zealand
Bruce Estrada,"Dec 19, 2025",1-824-876-2218,parturient@yahoo.ca,8700 Semper St.,Vandoeuvre-lès-Nancy,82-376,Norway
Calvin Frederick,"Aug 13, 2024",(675) 118-1616,curabitur.massa@icloud.org,1090 Augue Rd.,Karachi,37-34,Russian Federation
Amy Glover,"Sep 18, 2025",(425) 719-8295,cursus.non@google.couk,Ap #387-8382 Fermentum Rd.,Mulhouse,30541,United Kingdom
Herrod Thomas,"Dec 8, 2024",1-883-696-1088,iaculis@google.ca,"P.O. Box 809, 1532 Elementum Rd.",Secunda,H83 6BN,New Zealand
Maggy Byers,"Dec 5, 2024",1-692-230-0982,turpis.aliquam.adipiscing@protonmail.net,538-4096 Sapien St.,Ergani,24350,New Zealand
Yuri Shelton,"Jun 6, 2025",1-745-744-5534,mauris@google.edu,Ap #294-8096 Nam St.,Ørsta,286382,Germany
Kaitlin Mullins,"Jan 27, 2024",(934) 526-6788,sociis.natoque.penatibus@aol.couk,997-3062 Ut Road,San Cristóbal de las Casas,8062,China
Talon Vasquez,"Apr 18, 2025",(273) 815-2585,sagittis.augue@outlook.couk,381-2527 Neque. St.,Dangjin,58438,United States
Guinevere Mayo,"Oct 11, 2025",1-442-214-1584,vivamus.sit.amet@protonmail.couk,"P.O. Box 863, 7173 Pede. Rd.",Hòa Mạc,65451-742,Russian Federation
Jacqueline Conway,"Apr 16, 2025",1-728-822-1429,nunc@yahoo.com,4853 Blandit Road,Sốp Cộp,0177-2984,Indonesia
Xandra Witt,"Apr 29, 2024",1-912-385-4424,ornare.egestas@hotmail.ca,170-810 Sem Street,Oss,98-124,Indonesia
Oren Pollard,"Feb 11, 2025",(826) 756-3242,urna@aol.ca,Ap #765-7601 Vulputate Avenue,Silvassa,715752,Peru
Orlando Garner,"Jul 24, 2024",1-581-348-9623,ligula.elit.pretium@protonmail.org,9107 Nibh Rd.,Te Puke,637681,Turkey
Brenna Herman,"May 12, 2024",1-547-665-2366,posuere.cubilia.curae@yahoo.com,Ap #266-7910 Ut Street,Jecheon,16843-864,China
Christian Brock,"Feb 7, 2024",(525) 254-6537,penatibus.et@hotmail.net,Ap #777-6220 Fringilla St.,Ivano-Frankivsk,661136,Nigeria
Deborah Pierce,"Oct 17, 2024",1-352-147-1224,sit.amet.faucibus@hotmail.couk,Ap #484-2319 Sed Rd.,Sint-Jans-Molenbeek,44538,Sweden
Kamal Dejesus,"Aug 16, 2024",1-936-703-2892,sit@google.org,7019 Accumsan Street,Western Islands,45619,Philippines
Nathan House,"Oct 22, 2024",(794) 982-1097,et.magnis@google.org,480-4751 Amet Road,Buguma,61922-46444,India
Troy Mills,"Mar 29, 2025",(262) 348-0216,suspendisse.sed@outlook.org,Ap #105-5864 Diam Rd.,Baddeck,8725,Vietnam
Beau Vang,"Mar 11, 2025",(227) 574-7588,donec.elementum@google.couk,Ap #660-2756 Rhoncus. Av.,Tromsø,72776,Spain
Eaton Perry,"Sep 26, 2024",1-689-361-1322,eu.erat.semper@google.org,"P.O. Box 408, 7416 Metus Av.",Kisi,40-797,Nigeria
Jermaine Chaney,"Dec 24, 2025",1-431-296-6586,cubilia.curae@outlook.org,350-5294 Velit Street,Tanjung Pinang,943484,Sweden
Orli Harris,"Apr 28, 2025",1-581-891-5344,dolor@google.net,766-7242 Cubilia Av.,Mora,54786,China
Oscar Vasquez,"Jul 5, 2024",(331) 742-7834,pede.sagittis@protonmail.net,"214-2231 Dui, Rd.",Paradise,75345-72855,Russian Federation
Dillon Cole,"May 13, 2024",(571) 383-0625,neque.vitae@hotmail.ca,Ap #318-2089 Magna Av.,Vetlanda,32545,Nigeria
Shellie Bush,"Dec 3, 2025",(726) 705-4455,non.lorem@hotmail.couk,"P.O. Box 481, 9885 Velit St.",Blenheim,2476,Poland
Jelani Rice,"Mar 16, 2024",(288) 835-3713,parturient.montes.nascetur@google.ca,8593 Porta Road,Périgueux,8183-7255,Germany
Kylynn Potter,"Jun 11, 2024",(367) 388-2634,nibh.vulputate@hotmail.net,849-5850 Elit Av.,Ferrandina,390675,Nigeria
Michelle Suarez,"Apr 13, 2025",(677) 866-7879,diam.lorem@yahoo.net,"P.O. Box 971, 7865 Eu Road",Brive-la-Gaillarde,35554569,Norway
Ivor Benton,"Jan 10, 2025",(503) 744-5911,in.felis@protonmail.edu,"2526 Nec, St.",Gimcheon,83614,South Korea
Trevor Ashley,"Dec 5, 2025",1-465-287-9489,amet.metus.aliquam@aol.ca,Ap #167-7293 Diam Ave,Afsnee,27544,Germany
Jarrod Adams,"May 25, 2025",(382) 531-4717,auctor.non.feugiat@outlook.com,Ap #528-6631 Fringilla St.,Bến Tre,1437,United Kingdom
Ulysses Salas,"Dec 22, 2025",1-356-468-0140,augue@protonmail.org,797-5558 Mi St.,Ilhéus,8170,Netherlands
Alfreda Sandoval,"Jan 4, 2025",(431) 485-4842,tempor.est@aol.couk,Ap #416-2590 Urna Av.,Fort Smith,804252,Netherlands
Rana Carlson,"Feb 20, 2024",(364) 838-4263,lectus.cum.sociis@protonmail.org,"P.O. Box 291, 9365 Mi St.",Kalisz,26-25,Italy
Jesse Bryant,"Dec 3, 2025",1-362-370-3164,massa.suspendisse.eleifend@yahoo.org,"P.O. Box 169, 2316 Rhoncus Rd.",Trollhättan,64841,Turkey
Ulysses Sosa,"Jun 18, 2024",1-611-251-3913,vitae.semper.egestas@hotmail.org,"P.O. Box 548, 6644 Vivamus Street",Gumi,3479,India
Noel Briggs,"Aug 3, 2025",(837) 437-1670,velit.dui.semper@google.couk,"190 Quis, Ave",Bucaramanga,881242,Poland
Hillary Hendrix,"Jan 27, 2025",1-853-257-9771,ut.eros.non@icloud.ca,Ap #719-4633 Est St.,Lamitan,7564-8776,France
Cathleen Meadows,"Dec 18, 2024",(271) 317-1575,nunc.risus@yahoo.org,Ap #821-5328 Quam Avenue,Yên Bái,39350,Vietnam
Hope Forbes,"Dec 16, 2025",1-654-291-0416,mauris.aliquam@protonmail.net,2169 Aliquet Avenue,San Nicolás,615393,United States
Beverly Mclaughlin,"Nov 22, 2024",(948) 962-5744,fermentum.vel@outlook.org,538-3832 Nulla Av.,Kungälv,3624,Chile
Miriam O'connor,"Feb 24, 2024",(785) 784-6672,molestie.sodales@icloud.com,3041 Mollis. Rd.,Sennariolo,02047,Belgium
Travis Moore,"Sep 5, 2024",(796) 905-6568,eros@protonmail.com,Ap #617-8690 Purus. Av.,Taltal,95037,Ukraine
Callum Allen,"Dec 28, 2024",(241) 563-8651,lectus.justo@aol.ca,743-6823 Pellentesque Street,Sibret,5766,United Kingdom
Adam Bush,"Sep 4, 2024",1-486-263-2752,a.mi.fringilla@yahoo.com,"P.O. Box 711, 2428 Consectetuer Street",Subiaco,28144,Mexico
Kane Kane,"Jan 8, 2025",1-622-467-4085,massa@yahoo.ca,2404 Euismod Av.,Seletar,50116,Canada
Erich Mccall,"Sep 7, 2024",(821) 469-8856,metus.eu@yahoo.net,Ap #507-4293 Et Road,Galway,351571,Ireland
Hoyt Charles,"Aug 4, 2025",1-682-312-2545,nulla@google.edu,Ap #165-7521 Ipsum Rd.,Gorzów Wielkopolski,4149,Chile
Hop Barrera,"Jul 12, 2025",1-311-882-5678,diam@aol.ca,"Ap #920-8198 Purus, St.",Guápiles,89128,Sweden
Veda Noel,"Nov 6, 2025",1-641-386-2426,sed.nec.metus@aol.ca,Ap #893-6435 Diam Street,Cork,6625,South Korea
Hiram Young,"Jan 8, 2024",(442) 559-9440,donec.elementum@protonmail.ca,Ap #995-3740 Quisque Road,Agustín Codazzi,54218,Sweden
Carissa Steele,"Sep 14, 2025",(660) 180-3872,cursus.luctus@aol.edu,"P.O. Box 659, 7369 A, Street",Motta Visconti,0477 BD,Sweden
Kermit Lamb,"May 10, 2024",(207) 432-7922,orci.sem@google.edu,"P.O. Box 937, 2575 Faucibus Rd.",Veere,89-61,Costa Rica
Clinton Bailey,"Jun 3, 2025",1-734-474-4511,quisque.ac@protonmail.net,Ap #778-4249 Turpis. Street,Nonsan,QY8 1SX,Chile
Ciaran Bird,"Aug 26, 2024",(492) 868-4874,convallis.ligula.donec@hotmail.ca,Ap #507-9088 Nunc Avenue,Tidore,24794,Brazil
Yeo Dickerson,"Jun 28, 2025",(445) 361-6281,nostra.per.inceptos@outlook.net,"6111 Ut, Ave",Upper Hutt,T2S 2V1,South Africa
Nadine Sherman,"Apr 19, 2024",(617) 632-2363,morbi.quis@yahoo.edu,Ap #127-7428 Ut Av.,Liverpool,7820,Peru
Sigourney Marks,"Jun 20, 2025",(918) 935-3886,mattis.velit@aol.com,"P.O. Box 343, 8497 Libero Road",Clackmannan,61416,Indonesia
Felicia Schmidt,"May 14, 2024",(112) 681-4308,purus.accumsan@aol.ca,"P.O. Box 359, 8861 Aliquam Rd.",Oosterhout,40555,Austria
Abbot Ingram,"May 1, 2024",(248) 479-2652,non@protonmail.ca,"P.O. Box 311, 1801 Sit St.",Istanbul,2474-7688,Belgium
Kenyon Brennan,"Jun 22, 2025",1-581-801-7643,purus.duis@aol.org,"Ap #630-1062 Amet, St.",Imphal,480318,France
Jason Long,"Aug 20, 2024",(405) 623-2358,eget@yahoo.net,404-6259 Ac Road,Heusden,3757 JU,Italy
Zenia Dodson,"Oct 2, 2024",(894) 455-8943,non@aol.edu,962 Pretium Rd.,Puerto Nariño,822943,Austria
Kibo Cooley,"Aug 24, 2024",(519) 334-8488,mollis.nec@hotmail.couk,989-563 Sed Avenue,Akola,7711,Vietnam
Geoffrey Bailey,"Feb 5, 2025",(689) 866-0946,eget.venenatis.a@protonmail.couk,Ap #286-3094 Massa Street,Cork,452764,Turkey
Leila Finley,"Apr 19, 2025",(775) 221-0984,ante.lectus@icloud.org,380-5420 Vivamus Road,Nicoya,5533,Brazil
Zane Keith,"Oct 25, 2025",1-554-536-6819,convallis.erat@hotmail.com,703-8896 Ipsum Rd.,Woodlands,8871 NR,Ireland
Colorado Davenport,"Apr 4, 2025",1-663-441-5502,dolor.donec@outlook.com,971-5741 Cras St.,Huancayo,40-220,Indonesia
Lyle Dickerson,"Jun 1, 2024",1-767-146-3773,amet.orci@aol.com,Ap #831-981 Malesuada Rd.,Pakpatan,848575,Mexico
Jamal Mckee,"Oct 31, 2025",1-118-578-4835,ut.quam.vel@yahoo.ca,Ap #765-5364 Tempor Av.,Laurencekirk,600465,Sweden
Henry Puckett,"Jun 29, 2025",(481) 665-8894,libero@google.net,432-2072 Eros. Rd.,Missoula,136187,France
Sydnee Hurst,"Nov 15, 2024",1-654-251-8227,tempor@aol.ca,Ap #748-5045 Ullamcorper Rd.,Mata de Plátano,48244,Ukraine
Barry Leblanc,"Dec 15, 2024",1-572-285-4102,aliquam.rutrum@hotmail.couk,Ap #196-368 Ut St.,Dublin,904508,Italy
Carl Wood,"Sep 17, 2024",1-413-318-1399,leo.in@protonmail.couk,"459-5867 Facilisis, Av.",Jackson,31705,Russian Federation
Reuben Walton,"Nov 5, 2025",1-895-636-8529,vitae.velit@yahoo.edu,703-5285 Magnis Av.,Chiclayo,53577,Singapore
Jescie Horn,"Jun 5, 2024",(504) 312-5392,libero.donec.consectetuer@icloud.couk,475-8584 Nunc Av.,Kapfenberg,0225-4870,Ukraine
Nichole Beasley,"Aug 15, 2024",(597) 456-8224,elementum@hotmail.ca,9814 Vulputate Rd.,Landenne,752869,South Korea
Addison Potter,"Mar 28, 2024",1-454-335-8185,proin@outlook.ca,"P.O. Box 217, 5634 Et, Street",Oslo,16050,Turkey
Timothy Thornton,"May 26, 2025",(976) 822-5620,vitae.diam@aol.edu,551-8693 Eu Street,Kitscoty,03269,United States
Petra O'donnell,"Jul 29, 2025",1-817-953-8967,eu.lacus@icloud.com,6312 Ac Ave,Acapulco,72219-98336,South Korea
Myra Watson,"Oct 1, 2024",1-477-866-1229,a.odio@google.edu,"Ap #262-6964 Eu, Avenue",Digos,30312,Austria
Zephania Wiggins,"Nov 13, 2025",1-726-912-8547,risus.varius.orci@aol.edu,787-7455 Ut Road,Mahikeng,0397-6632,New Zealand
Bethany Marsh,"May 23, 2024",(511) 254-3020,nec.luctus.felis@google.edu,Ap #989-1277 Suscipit Rd.,Pachuca,65638,Austria
Luke Trujillo,"Apr 13, 2024",1-233-561-5753,ut.odio.vel@google.couk,"Ap #430-4976 Orci, Rd.",Gangtok,81840,Australia
Davis Justice,"Mar 7, 2025",(440) 573-3710,pede.suspendisse@icloud.net,"P.O. Box 377, 5593 Nunc Street",Iqaluit,708433,Germany
Anne Lester,"Aug 1, 2024",1-982-888-9944,vulputate@protonmail.net,Ap #644-4771 Turpis Street,Mỹ Tho,0073-2026,Norway
Ciara Willis,"Aug 26, 2024",(634) 669-6147,suspendisse.ac.metus@icloud.edu,"Ap #135-302 Quam, Ave",Gorontalo,4571,Ireland
Samantha Ingram,"Feb 28, 2025",1-832-791-4968,facilisis@aol.net,182-960 Nisi Avenue,Ribeirão Preto,373552,Chile
Stacy Nash,"Jul 25, 2025",1-874-308-6274,suspendisse.aliquet@outlook.org,"Ap #707-7595 Non, St.",Serangoon,913832,Philippines
Tanner Stephens,"May 12, 2024",1-781-261-0729,vehicula.pellentesque.tincidunt@hotmail.couk,Ap #377-278 Sodales Av.,Patna,11972-38857,Australia
Lillith Higgins,"May 14, 2025",1-682-217-2845,faucibus.ut.nulla@yahoo.ca,6044 Nonummy Rd.,Collipulli,96463,Netherlands
Carla Guthrie,"Oct 1, 2025",1-774-963-8759,risus.quisque.libero@google.ca,235-9092 Magnis Rd.,Delhi,65696-896,France
Colleen Williams,"Oct 20, 2025",1-179-533-7896,varius.et@protonmail.net,"P.O. Box 235, 8134 Dignissim Street",Empedrado,15472,Vietnam
Troy Carney,"Jun 8, 2025",(792) 655-6356,facilisi.sed@protonmail.org,459-2990 At St.,Vienna,32486,Peru
Michelle Justice,"Aug 14, 2024",1-596-575-3814,lorem@yahoo.net,"P.O. Box 334, 154 Vel, Ave",Oslo,8525,Indonesia
Cadman Campos,"Jan 7, 2025",1-621-313-7659,gravida.non.sollicitudin@hotmail.edu,500-7652 Quis Street,Zaltbommel,1116,Germany
Brock Carpenter,"Oct 20, 2024",1-723-289-9118,in.tempus@aol.couk,"P.O. Box 123, 6823 Vel Rd.",Gladstone,75173,Turkey
Marah Deleon,"Mar 6, 2025",(486) 345-3077,sapien@icloud.couk,"976-5782 Sed, Road",Odessa,E2 3UI,Australia
Coby Orr,"Sep 26, 2025",1-611-625-8796,aliquam.arcu@protonmail.ca,771-3715 Lectus Road,Raufoss,37266,South Africa
Vladimir Kane,"Jun 8, 2024",(766) 756-2534,leo.in.lobortis@yahoo.couk,"925-7266 Vel, Avenue",Göteborg,12513,Germany
Amery Clayton,"Aug 13, 2025",1-415-456-6342,nulla.semper@protonmail.ca,199-8256 Ut Rd.,Chepén,87-66,United States
Hilda Blackburn,"Dec 12, 2024",1-813-340-7707,eu.dui@google.net,"Ap #489-8621 Eget, St.",San Juan de Girón,3046 UC,France
Lois Gould,"Jan 30, 2024",(918) 242-3946,mattis@protonmail.net,"P.O. Box 940, 9400 Mi Rd.",Kremenchuk,91549,Norway
Diana Barry,"Oct 20, 2024",1-225-350-0752,cras.lorem@yahoo.org,2833 Et St.,Monterrey,325533,Belgium
Jaquelyn Sloan,"Aug 10, 2024",1-724-196-3452,ac.libero@aol.org,"526-5937 Nec, Road",Riohacha,376297,China
Hilel Powell,"Jun 17, 2025",1-765-841-7196,morbi@icloud.com,Ap #403-4385 Donec Road,Nashville,3041,South Africa
Martin Clark,"Mar 12, 2024",(531) 634-3027,congue.a@google.edu,Ap #531-6146 Ipsum Road,Doetinchem,17348-06440,South Korea
Jacob Bowers,"Aug 10, 2024",1-589-496-8873,blandit.mattis.cras@protonmail.ca,635-4061 Consectetuer St.,Montpellier,Y3X 7C7,Norway
Chaney Bailey,"Jan 15, 2025",1-668-530-8254,mauris.a.nunc@hotmail.ca,"P.O. Box 896, 1071 Adipiscing. St.",Moircy,76988,United Kingdom
Ira Joyner,"Sep 27, 2024",(436) 826-4546,sagittis.duis@yahoo.ca,"P.O. Box 313, 1856 Nec St.",Fortaleza,4620,Russian Federation
Christen Stanley,"Nov 3, 2025",(779) 965-1347,ut.sagittis@google.com,729-1312 Luctus Rd.,San Andrés,42685,Italy
Halla Frederick,"Mar 11, 2024",1-248-921-8264,gravida.mauris.ut@outlook.com,347-5661 Consequat Rd.,Niterói,506603,Indonesia
Cassandra Langley,"Nov 11, 2025",1-600-598-2615,mattis.semper@aol.edu,9075 Semper Avenue,Greater Hobart,74246,Sweden
Leonard William,"Dec 14, 2024",(557) 316-4250,nunc@yahoo.ca,712-6024 Aliquam Ave,Funtua,3378,Indonesia
Pamela Thornton,"Feb 9, 2024",1-914-616-3588,elit.elit@protonmail.couk,Ap #152-7333 Eget Rd.,Zapopan,375943,Austria
Marsden Steele,"Aug 25, 2024",1-845-733-8513,nam@hotmail.org,"P.O. Box 570, 3404 Diam Road",Galway,295361,Costa Rica
Serena Montoya,"Jun 17, 2024",(713) 205-7418,in.felis@outlook.org,"Ap #265-7428 Tincidunt, Av.",Cambridge Bay,91971,Turkey
Nerea Russo,"Jul 13, 2024",(524) 296-9445,mattis@yahoo.edu,Ap #829-4434 Sed Street,Hong Kong,D3M 3K5,Turkey
Kadeem Ryan,"Jul 18, 2024",1-248-358-3583,donec@icloud.couk,Ap #216-618 Congue. Ave,Changi,16617,Netherlands
Chiquita Levy,"Dec 30, 2024",1-467-817-8848,ac.ipsum@protonmail.ca,305-4221 Cursus Street,Huế,27379,Italy
Dolan Navarro,"Sep 13, 2024",1-814-218-1641,faucibus.ut.nulla@protonmail.com,"Ap #554-4560 Mauris, Street",Noisy-le-Grand,2786,Costa Rica
Murphy Mayo,"Jun 2, 2024",1-661-366-7495,ultricies.adipiscing.enim@google.couk,569-4660 In St.,León,5884,Russian Federation
Reuben Paul,"Dec 12, 2024",1-315-496-9633,lacus.aliquam@aol.couk,Ap #617-231 Nunc Ave,Nelspruit,583362,Philippines
George Mcmahon,"Jul 18, 2025",1-833-782-1906,vestibulum.neque.sed@outlook.net,"P.O. Box 473, 1500 Et Street",Kharan,61765-233,Spain
Carson Cantu,"Jun 18, 2025",(672) 935-8351,class@aol.couk,"P.O. Box 484, 7922 Eget St.",New Haven,23696,Chile
Imelda Kline,"Sep 21, 2024",1-813-828-1124,nunc.mauris@google.org,206-5385 Mauris Ave,Frederick,34335,Australia
Kadeem Moore,"Feb 23, 2024",(448) 632-5501,pellentesque.a.facilisis@aol.net,"579-5911 Posuere, Ave",Nicoya,765273,Philippines
Aidan Chan,"Jan 29, 2025",1-865-417-6311,ornare.elit.elit@icloud.couk,Ap #743-6909 Ornare. Ave,Port Augusta,5743,Philippines
Nadine Saunders,"May 6, 2025",(376) 751-4675,purus.maecenas.libero@hotmail.net,7993 Quisque Av.,Nonsan,785910,Ireland
Noah Cole,"Feb 10, 2025",(442) 343-1745,sociis.natoque.penatibus@hotmail.com,9047 Vitae St.,Toulouse,21479,Peru
Nayda Pate,"Aug 7, 2024",1-812-817-6426,nec.ante@outlook.net,Ap #574-1907 Euismod Rd.,Mexicali,359453,China
Guy O'Neill,"Aug 2, 2024",(634) 699-7937,curabitur.egestas@protonmail.net,"569-9143 Quis, St.",Geylang,7358,Ukraine
Aphrodite Gilbert,"Oct 25, 2025",(894) 554-1242,euismod.est.arcu@outlook.edu,285-5432 Proin Road,Cajamarca,3504 AU,Poland
Brendan Rowland,"Jun 28, 2024",(242) 735-8737,nibh@hotmail.couk,Ap #354-6158 Interdum. Av.,Harderwijk,5298-3897,United States
Susan Joyce,"Sep 12, 2025",(353) 546-2111,lorem.tristique@yahoo.org,202-3021 Nunc Street,Kenosha,25794,India
Carly Stone,"Mar 7, 2024",1-554-467-0404,consequat.enim.diam@google.edu,754-6436 Ac Street,Zhejiang,992744,Spain
Nelle Gilliam,"Apr 5, 2025",1-207-524-5714,vel@hotmail.org,"6821 Amet, St.",Changi Bay,511765,Mexico
Camilla Hall,"Jul 11, 2024",(255) 973-2872,interdum.feugiat@google.ca,Ap #444-1915 Vehicula. Road,Guangdong,32112,Norway
Evan Howell,"May 27, 2024",(384) 726-6711,scelerisque@yahoo.net,814-6519 Nulla St.,Lower Hutt,619948,Poland
Kimberley Fitzgerald,"May 11, 2025",1-801-443-5861,nunc.ac@protonmail.couk,Ap #538-8429 Lorem St.,Winchester,593746,Indonesia
Zahir Carrillo,"Oct 18, 2025",(316) 758-7173,enim.curabitur@aol.edu,Ap #364-7807 Et Av.,Klerksdorp,64-202,Ukraine
Winter Rutledge,"Jul 15, 2024",(774) 688-5319,libero@yahoo.net,700-6159 Mollis Avenue,Coatzacoalcos,875317,Australia
Keane Poole,"Aug 6, 2024",(233) 105-1415,consectetuer.cursus@protonmail.org,"P.O. Box 812, 7887 Nibh. St.",Pacoa,13-85,Spain
Rosalyn Morse,"Mar 14, 2025",(335) 615-8138,morbi.tristique.senectus@protonmail.net,182-2137 Sapien. Rd.,Dublin,13340,Turkey
Erin Hutchinson,"Jun 24, 2024",1-331-585-5528,faucibus@yahoo.couk,Ap #248-4992 Malesuada Ave,Kędzierzyn-Koźle,45108,Peru
Ethan Koch,"May 9, 2025",(778) 487-6577,lectus.quis@icloud.net,106-5059 Nunc Ave,Porto Alegre,309685,China
Cara Macias,"Feb 3, 2025",(817) 274-1252,massa.rutrum@hotmail.org,Ap #359-1154 Ut Av.,Torrevieja,4946,South Korea
Yasir Dalton,"Mar 17, 2025",(334) 336-6517,elit.pharetra@outlook.net,9509 Metus Rd.,Latronico,01564,Italy
Adele Herring,"Jan 6, 2024",(466) 713-6434,accumsan.sed@protonmail.edu,"Ap #999-1749 Scelerisque, St.",Rochor,1876,Costa Rica
Priscilla Cherry,"Aug 19, 2025",1-244-678-4087,bibendum@protonmail.ca,207-7129 Urna. Avenue,North-Eastern Islands,73653,Pakistan
Reuben Martin,"Sep 26, 2025",(932) 798-9693,ultricies@icloud.com,"645-3801 Lorem, St.",Lviv,HQ64 6WT,Indonesia
Galena Watts,"Sep 5, 2024",(715) 521-7314,phasellus.nulla@outlook.ca,Ap #653-8475 Nibh Av.,Pskov,4412 UH,Chile
Velma Mccray,"Sep 8, 2024",(838) 728-4027,quam.a@google.com,"P.O. Box 629, 2178 In Road",Chattanooga,7153,France
Karleigh Russo,"Nov 4, 2025",1-318-787-3492,ultricies.ligula@aol.com,"Ap #479-5559 Consequat, Avenue",Huaraz,666227,Austria
Jennifer Doyle,"Jun 11, 2024",(258) 698-1801,integer.mollis.integer@google.edu,367-6844 Massa. St.,Juliaca,35-26,France
Finn Andrews,"Jul 16, 2024",1-525-341-5443,adipiscing@yahoo.ca,Ap #655-4782 Nascetur St.,Ansfelden,966156,Peru
Marsden Downs,"Sep 5, 2024",(630) 288-8741,facilisi@google.org,"502-8954 Orci, St.",Greifswald,845977,Indonesia
Kathleen Flores,"Jun 9, 2024",1-875-964-7421,ultrices.posuere@aol.couk,Ap #872-2259 Phasellus Rd.,Mitú,A9H 1H5,United States
Stacey Grant,"Jul 27, 2024",(585) 866-1173,lacinia.mattis@icloud.com,Ap #573-4752 Nulla Ave,Katihar,02495,Netherlands
Eric Russell,"Jun 2, 2024",1-577-259-1546,elit.pellentesque@google.net,"Ap #807-7641 Amet, Rd.",Morwell,7756,Costa Rica
Rhoda Estes,"Nov 28, 2024",(667) 866-4711,dolor@hotmail.ca,Ap #753-6945 Sed Avenue,Vöcklabruck,601009,Mexico
Alexis Mathews,"Mar 17, 2024",(581) 691-6351,rhoncus.donec.est@aol.couk,"Ap #799-9892 Enim, Road",Criciúma,4577-1417,Canada
Montana Dale,"Oct 15, 2024",1-578-274-3812,curabitur@google.couk,"P.O. Box 806, 8796 Turpis Av.",Chancay,B4L 0G2,Norway
Cameron Bennett,"Jan 9, 2025",(656) 735-3422,quis.urna@google.net,897-8101 Ut Rd.,Gdańsk,98737,Poland
Karleigh Griffin,"Jul 12, 2024",(184) 938-2273,quis.diam@google.com,533-7298 Mattis Ave,Iqaluit,544448,Singapore
Rigel Buchanan,"May 16, 2024",(429) 414-6825,nullam@google.couk,Ap #360-5640 Consectetuer St.,Huesca,37841,Canada
Fatima Holmes,"Apr 26, 2025",1-624-653-8087,lacus.etiam@icloud.ca,Ap #275-3707 Lorem Avenue,Sacramento,6841,Singapore
Cassady Duran,"Feb 6, 2024",(775) 320-2275,vehicula.aliquet.libero@icloud.couk,Ap #805-3776 Augue Ave,Vallentuna,6373,Peru
Denise Vincent,"Jun 30, 2024",1-315-764-3691,suspendisse.ac@outlook.couk,"P.O. Box 361, 6621 Magna. Ave",Sungei Kadut,92423-717,Chile
Lois Henson,"Jan 20, 2025",(440) 732-0384,est.tempor.bibendum@protonmail.com,7463 Sem St.,Argyle,53166,Philippines
Lee Valentine,"Jan 26, 2024",1-527-585-6692,varius.nam@google.com,864-274 Sodales Rd.,Kungälv,19624,Turkey
Cherokee Mcconnell,"Dec 22, 2024",(717) 823-1951,nibh@icloud.edu,219-6298 Facilisis St.,Lạng Sơn,215124,Peru
Phillip Lyons,"May 19, 2025",1-210-824-3935,nulla@google.couk,685-7373 Turpis Road,Manisa,4425,Ireland
Gloria Jordan,"Aug 31, 2024",(727) 627-9365,sed.id@aol.couk,Ap #477-7022 Imperdiet St.,Varash,58434-221,Brazil
Winter Barton,"Jul 20, 2024",1-851-435-3241,ut.mi@protonmail.ca,"P.O. Box 982, 3807 Dui Ave",Raurkela Civil Township,433856,Germany
Gabriel Wallace,"Apr 3, 2025",(554) 227-3702,ligula.aenean@outlook.couk,Ap #324-1139 Integer Street,Polokwane,7844,Norway
Jerry Diaz,"Oct 10, 2024",1-722-613-6539,a.sollicitudin@hotmail.couk,200-9306 Bibendum St.,Funtua,3021,Costa Rica
Abdul Riggs,"Nov 27, 2025",1-545-710-6396,sodales.mauris.blandit@google.com,935-2811 Lorem Ave,Jelenia Góra,31515,Sweden
Vielka Boyer,"Jul 28, 2024",1-706-433-1873,et@yahoo.couk,168-4241 Pellentesque St.,Serang,464219,New Zealand
Jolie Winters,"Apr 8, 2025",(696) 295-3184,est.arcu.ac@hotmail.com,Ap #997-779 Vivamus Street,Valledupar,8873,Peru
Justina Gentry,"Dec 25, 2025",(709) 881-6460,nulla.integer@outlook.com,261-2070 Phasellus St.,Tula,3289 UM,Costa Rica
Mollie Beard,"Sep 2, 2025",1-551-275-2913,quisque.varius@outlook.ca,Ap #660-9769 Aliquam Rd.,Enkhuizen,644143,France
Karen Wilcox,"Oct 23, 2024",(829) 897-4735,sollicitudin.commodo@google.org,Ap #909-6234 Vel Rd.,Campbelltown,1837,Germany
Berk Marquez,"Jul 10, 2024",1-946-551-3876,lectus.nullam.suscipit@hotmail.net,280-7517 Luctus. Rd.,Castellina in Chianti,2798-1010,Colombia
Kylie Salas,"May 15, 2025",1-240-136-1825,mollis@protonmail.couk,875-8112 Metus. St.,Nonsan,2613 WR,Pakistan
Jolie Atkins,"Sep 27, 2025",1-949-483-5425,turpis.nec.mauris@protonmail.couk,Ap #269-1848 Imperdiet Avenue,Dera Bugti,31572,Costa Rica
Irma Knowles,"Feb 25, 2024",1-624-533-3245,viverra@outlook.org,"5321 Erat, Street",Novena,3243,Austria
Raphael Camacho,"Jun 29, 2024",(212) 329-3746,at.pretium@hotmail.ca,"P.O. Box 285, 1943 A Street",Liaoning,929266,Canada
Luke Burnett,"Apr 16, 2024",(647) 837-0122,adipiscing@protonmail.com,"P.O. Box 239, 813 Amet, Rd.",Pachuca,13447,Italy
Rashad Vincent,"Jan 29, 2024",1-578-677-4477,at.arcu@aol.org,Ap #692-7335 Neque Street,Barranca,84675,Canada
Gavin Wilkerson,"Sep 16, 2025",1-232-374-8482,nec@yahoo.edu,"P.O. Box 953, 2810 Laoreet, St.",Bremen,5007,Netherlands
Emerson Warren,"Dec 9, 2024",(649) 770-0768,mi.fringilla.mi@aol.com,3628 Vitae St.,Leverkusen,6782,Vietnam
Indigo Irwin,"Nov 9, 2025",(611) 337-2725,fermentum.fermentum@icloud.ca,"584-6751 A, Ave",Warrnambool,3952730,China
Brenden Ware,"Jun 2, 2025",(826) 427-5843,et.eros@outlook.ca,722 Cursus Av.,Abeokuta,322728,Russian Federation
Brynne Pena,"Oct 10, 2024",1-262-247-2578,ligula@google.net,Ap #417-3270 Suspendisse Road,Zhytomyr,5164,Peru
Carly Duke,"Nov 4, 2025",(885) 237-7189,metus@google.ca,"808-1352 Dui, Avenue",Heusden-Zolder,M0T 5E1,Singapore
Yeo Mcintosh,"Sep 26, 2024",1-815-769-5145,phasellus@hotmail.ca,"737-4690 Non, Rd.",Dibrugarh,30181,Costa Rica
Jasmine Dominguez,"Jan 6, 2025",(782) 128-2314,eros@yahoo.couk,729-585 Molestie St.,Åkrehamn,47115,Netherlands
Tanisha Phelps,"Mar 22, 2024",1-633-999-6754,vel@yahoo.org,588-5053 Augue Ave,Cork,383843,France
Clayton Church,"Nov 11, 2025",1-232-216-6853,et@outlook.ca,"P.O. Box 264, 7409 Phasellus Av.",Rochor,766978,Russian Federation
Claudia Hyde,"Jun 2, 2025",(146) 326-1555,egestas@icloud.edu,989 Metus Rd.,Wenduine,188784,Netherlands
Malcolm Holland,"Sep 23, 2025",1-243-235-3426,eu.nulla@hotmail.edu,222-4879 Scelerisque Road,Calamar,5886,Turkey
Ryder Callahan,"Apr 14, 2025",(688) 438-7823,neque@protonmail.ca,449-370 Dictum Ave,Wattrelos,09617,Indonesia
Nathaniel Estes,"Jan 16, 2025",1-201-383-5094,nunc@icloud.com,Ap #653-3519 Eget Ave,Barranca,5119,Australia
Alma Cole,"Dec 21, 2025",1-756-539-4512,nibh.quisque@protonmail.org,421-2678 Cras St.,Jeonju,71589,Russian Federation
Grant Weaver,"Dec 10, 2024",1-413-583-4831,metus@yahoo.org,"P.O. Box 440, 8947 Semper Avenue",Mérida,3681,Germany
Hector Stone,"Aug 14, 2025",1-963-523-0242,ipsum@icloud.ca,"P.O. Box 678, 1021 Scelerisque Ave",Moelv,386896,Italy
Roary Johnson,"Feb 12, 2025",(874) 365-5706,sed.dictum@protonmail.couk,Ap #927-6300 Sem Av.,Liberia,04444-22655,Italy
Damian Marks,"Jan 23, 2024",1-262-571-6566,venenatis@icloud.ca,492 Lacinia. Ave,Wageningen,50118,Nigeria
Fulton Manning,"Jul 30, 2024",1-653-639-9684,eleifend.vitae@google.edu,Ap #406-3033 Dignissim Av.,Orizaba,61714,Indonesia
Aidan Daniel,"Feb 7, 2025",1-985-831-4711,tristique.aliquet.phasellus@yahoo.ca,"Ap #763-1134 Eu, Rd.",Sepino,935275,Costa Rica
Matthew Haynes,"Feb 27, 2024",(196) 290-7382,curabitur.vel@google.com,940-5268 Dolor Road,General Santos,8980,Turkey
Illana Bailey,"Aug 31, 2024",1-955-777-6742,est.arcu@protonmail.ca,155-5687 Blandit Av.,Hermosillo,5988,Poland
Melanie Rodriquez,"Jun 9, 2024",(248) 515-4828,libero@aol.com,685-6351 Elit Av.,Lagos,55-336,Netherlands
Elizabeth Rasmussen,"Mar 19, 2025",(817) 784-4254,leo@aol.ca,Ap #257-6777 Vehicula Avenue,Dreux,65-83,Belgium
Montana Lee,"Mar 5, 2025",(875) 591-8467,cras.sed.leo@protonmail.org,837-8929 Primis St.,Rawalakot,3328 TV,Nigeria
Vivien Cooper,"Feb 6, 2024",1-545-387-5452,parturient.montes@icloud.couk,Ap #171-7354 Nam St.,Cork,8164 FF,Costa Rica
Jeremy Reynolds,"Dec 9, 2025",(217) 671-1235,nunc.sollicitudin@yahoo.net,Ap #772-5335 Tellus Rd.,Antakya,866304,Pakistan
Isabelle Holcomb,"Dec 19, 2024",1-726-416-7782,risus.in@outlook.net,Ap #912-3936 Interdum Rd.,Avignon,5419,Australia
Hiram Perry,"Oct 22, 2025",1-333-316-2711,cursus@outlook.ca,502-169 Velit. Street,Giyani,34-23,Norway
Caldwell Hood,"Aug 14, 2024",1-654-687-6649,mauris.ipsum@google.ca,Ap #144-1867 Ut St.,Kerikeri,664571,Spain
Brent Dorsey,"Aug 8, 2025",(850) 368-5732,odio.nam.interdum@google.org,Ap #770-6873 Faucibus St.,Gyeongsan,68144,Netherlands
Sydney Guerra,"Apr 4, 2025",1-357-376-5430,quis.accumsan.convallis@google.couk,"P.O. Box 557, 4587 Nunc Ave",Cherkasy,416224,Austria
Kylan Gross,"Jul 1, 2024",1-587-465-8787,scelerisque.scelerisque@google.org,744-2171 Nec St.,Coihueco,98-744,United Kingdom
Ava Curry,"Nov 22, 2025",(518) 711-8863,tincidunt.neque@aol.org,846-8964 Sit Road,Puerto Princesa,238346,United States
Candice Finley,"Feb 4, 2025",1-276-225-4853,adipiscing@hotmail.couk,"720-3128 A, Road",Mandai,1615,Australia
Caryn Abbott,"Aug 20, 2025",(965) 326-1226,eget.magna@yahoo.net,4020 Adipiscing. St.,Hà Tĩnh,812201,Indonesia
Leigh Jefferson,"Apr 25, 2024",(277) 647-8711,aliquet.sem@yahoo.net,3322 Convallis St.,San Juan del Río,15104,Belgium
Paloma Calderon,"Oct 30, 2025",1-877-735-3514,aliquam@aol.com,"P.O. Box 953, 4988 Cras Rd.",Berlin,375793,Australia
Isaac Miranda,"Aug 30, 2025",(423) 234-1344,nullam.suscipit.est@outlook.net,667-9698 Luctus Street,Fairbanks,6374-4138,Philippines
Amaya Hunt,"Dec 19, 2025",1-751-363-7663,ligula@hotmail.net,Ap #704-3075 Rhoncus. Ave,Sungei Kadut,79297,Philippines
Mason Hoffman,"Feb 27, 2024",(925) 748-6662,nec.enim@google.ca,Ap #826-1014 Sit Road,Novgorod,6476,Peru
Abra Sosa,"Jun 3, 2025",(288) 239-2467,duis.volutpat.nunc@google.com,"P.O. Box 744, 450 Dui. Rd.",Nogales,343824,Austria
Carson Juarez,"Feb 1, 2025",(233) 281-2654,aptent.taciti.sociosqu@yahoo.edu,942 Volutpat. Rd.,Istanbul,17404-54442,Chile
Gisela Morrison,"Feb 27, 2025",(727) 570-3689,id.ante.nunc@protonmail.edu,947-8037 Aenean Avenue,Lipetsk,41211,Austria
Callie Carson,"Dec 30, 2025",1-673-709-4318,lobortis.ultrices@hotmail.org,541-2588 Sociis Street,Kemerovo,84146-25551,Peru
Steven Joyce,"Mar 14, 2024",(470) 684-4266,amet.luctus@yahoo.org,730-2239 Faucibus Rd.,Seogwipo,35726,Chile
Dieter Abbott,"Jun 9, 2024",(789) 476-3335,lacinia.orci.consectetuer@yahoo.org,Ap #310-9098 Tincidunt Street,Yaroslavl,267926,United Kingdom
Elmo Le,"Mar 9, 2024",1-196-657-8218,metus@aol.org,Ap #346-7990 Massa. St.,Hisar,58542-785,Norway
Marshall Yang,"Oct 30, 2024",(562) 115-7056,ac@protonmail.ca,Ap #494-8842 Urna Street,Mataram,14253,New Zealand
Levi David,"May 24, 2024",(365) 214-0420,auctor.velit@aol.edu,"468-7258 Id, Road",Almere,30601,Mexico
Vanna Norton,"May 11, 2025",1-282-719-6645,ornare.in@hotmail.net,"P.O. Box 988, 5932 Placerat Rd.",Redcliffe,77323,Russian Federation
Madison Boyer,"Dec 8, 2025",1-844-717-5317,sodales.purus.in@outlook.ca,Ap #111-6120 Ultrices. Street,Gwangyang,65858-512,Sweden
Kevyn Woods,"Oct 30, 2024",1-511-534-8322,faucibus@protonmail.edu,574-9486 Donec Road,Newcastle,7525,Spain
Lillith Koch,"Apr 11, 2024",1-684-467-8376,ullamcorper.viverra@yahoo.ca,Ap #873-1646 Aliquet Rd.,Minna,3190,Germany
Kelly Espinoza,"Dec 28, 2024",1-251-815-8346,etiam.vestibulum.massa@outlook.com,"P.O. Box 341, 8273 Non, St.",Murcia,823711,Brazil
Ignatius Potts,"Mar 17, 2024",(886) 565-8117,egestas.urna.justo@aol.net,Ap #748-4011 Duis Av.,Minitonas,1202-6372,United Kingdom
Brenda Hughes,"Nov 7, 2024",1-842-312-3393,leo.morbi.neque@icloud.com,Ap #673-4613 Luctus. Av.,Lạng Sơn,4925,Mexico
Inga Alston,"Feb 1, 2025",1-715-436-4637,nec@aol.ca,Ap #337-2353 Gravida. Rd.,Suncheon,8947,Poland
Liberty Battle,"Oct 25, 2024",(580) 713-5853,tincidunt.orci@hotmail.ca,"P.O. Box 542, 8636 Ut Street",Tilburg,BH0S 8RW,Turkey
Hedy Spencer,"May 24, 2025",1-447-184-6811,nulla@protonmail.edu,Ap #175-6092 Pede. Ave,Cumaribo,30-079,Nigeria
Liberty Hardy,"Aug 22, 2025",(603) 327-8488,accumsan.convallis@yahoo.com,148-5228 Lacus. Rd.,Serang,T6B 7J6,Ireland
Aphrodite Moon,"Jan 10, 2025",1-690-495-3636,ut.molestie@yahoo.edu,762-4589 Eros. Road,Pamplona,11T 5L8,Austria
Otto Clark,"Sep 25, 2025",(429) 872-4436,congue.turpis@yahoo.ca,"P.O. Box 481, 778 Elementum Ave",General Santos,725573,New Zealand
Maile Ochoa,"Aug 20, 2025",(225) 178-2226,quisque.fringilla@protonmail.ca,"P.O. Box 865, 3686 Enim. Street",Birecik,N5L 8E0,Pakistan
Lucian Rosales,"Oct 19, 2025",(811) 928-4902,mattis.ornare@hotmail.org,522-8385 Ut Rd.,Penrith,79975,Russian Federation
Lareina Carrillo,"Mar 27, 2024",1-554-566-2344,vitae.risus@google.edu,912-579 Donec Rd.,Oroquieta,3804,South Africa
Blake Weiss,"Jun 27, 2024",(213) 774-0226,dolor.fusce.feugiat@outlook.org,Ap #157-1898 Cras Road,Cambrai,U2 6NP,Peru
Demetria Edwards,"May 26, 2025",(355) 121-4963,nulla@google.edu,522-3208 Fusce St.,Waidhofen an der Ybbs,4884,Netherlands
Kirsten Glover,"May 17, 2025",1-386-948-3716,morbi@yahoo.org,Ap #396-1053 Nam Av.,Blenheim,87998,Netherlands
Elmo Everett,"Jul 29, 2024",1-637-218-1807,mattis.cras@icloud.ca,980-4770 Diam Rd.,Maracanaú,20740,United States
Miriam Russo,"May 20, 2024",(439) 197-5547,hendrerit.id@yahoo.com,743-8111 Vitae Avenue,Bloemfontein,87364,South Korea
Randall Holloway,"Nov 22, 2025",1-637-391-8277,mauris.rhoncus.id@hotmail.net,"6162 Non, St.",Huaraz,1313,South Africa
Rashad Baxter,"May 27, 2024",1-617-315-4133,pellentesque@yahoo.com,909-4586 Lobortis Road,Fortune,256482,New Zealand
Paula Zamora,"Oct 16, 2024",1-437-839-2402,pede.nonummy.ut@google.edu,4468 Libero Av.,Mokpo,898313,New Zealand
Wyoming Merritt,"Nov 18, 2025",(338) 218-8645,mi.fringilla.mi@protonmail.net,"P.O. Box 352, 907 Dui. Avenue",Thorn,88862,Philippines
Leonard Dalton,"Apr 16, 2024",1-959-474-7584,metus.aliquam.erat@hotmail.com,Ap #905-2638 Tincidunt Ave,Värnamo,72286,Australia
Daria Maynard,"Sep 16, 2025",(624) 543-1847,aliquam.nisl@yahoo.org,2540 Sodales St.,Skien,60779,United States
Abraham Pickett,"Oct 10, 2024",1-461-674-1547,ac.mattis@hotmail.org,"P.O. Box 473, 9148 Tellus St.",Codognè,53662,Belgium
Rhona Mccarty,"May 19, 2025",(507) 462-1844,fermentum.vel.mauris@protonmail.org,Ap #354-1709 Ac Ave,São Luís,8423 WR,Philippines
Griffith Strickland,"Nov 3, 2025",1-777-218-4460,felis.eget@outlook.org,621-9431 Pede Av.,Governador Valadares,42574,Austria
Rose Cline,"Jul 4, 2024",(133) 316-7874,blandit.viverra@aol.edu,Ap #265-5249 Pellentesque St.,Wollongong,767270,Costa Rica
Roth Gilliam,"Feb 19, 2025",(228) 627-2231,et.magnis.dis@protonmail.ca,6027 Sit Ave,São José,P60 9NO,Austria
Audra Marks,"Nov 18, 2024",(102) 264-5307,at.sem.molestie@icloud.com,"Ap #692-8109 A, Av.",Knighton,58735-954,Ireland
Dolan Rice,"Nov 27, 2025",1-747-379-2447,sed@protonmail.couk,623-6023 Egestas Avenue,Mukachevo,63375-11283,Colombia
Imelda Owen,"Sep 27, 2024",(863) 303-7520,quis@google.edu,Ap #322-8556 Lacinia Ave,Bukit Batok,GQ6Q 3WR,Colombia
Seth Berry,"Aug 22, 2025",1-512-747-6282,luctus.ut@icloud.ca,5051 Et Street,Waiheke Island,T0M 6Y4,Vietnam
Ivory Butler,"Nov 13, 2025",(255) 929-1504,pharetra.felis@google.edu,450-7920 Magna. St.,Diêm Điền,174020,Mexico
Price Marsh,"Jun 20, 2024",1-766-686-5537,scelerisque.neque@hotmail.edu,6826 Habitant Av.,Ikot Ekpene,525681,Russian Federation
Teagan Lancaster,"Mar 9, 2025",(829) 158-7465,quis.massa@hotmail.com,Ap #582-2357 Suspendisse Av.,Sant'Agata Bolognese,14225,Mexico
Hoyt Russo,"Sep 13, 2025",(294) 284-8259,urna.ut@outlook.couk,Ap #650-9189 Netus Av.,Sokoto,4989,Spain
Evelyn Cash,"May 7, 2025",1-505-247-0854,eget.metus@hotmail.net,"P.O. Box 712, 4936 Metus Street",Aizwal,P3G 7J8,Mexico
Matthew Green,"Dec 28, 2024",(773) 672-1839,odio@yahoo.edu,"Ap #997-4670 Ut, Street",Vĩnh Long,8122 FI,Ukraine
Gemma Morin,"Jun 19, 2024",(506) 708-4570,et@aol.edu,4845 Euismod Avenue,Agustín Codazzi,55239,France
Audra Sparks,"Mar 7, 2025",1-731-765-9878,at@outlook.org,"Ap #212-4640 Amet, Street",Metz,27552,Spain
Nyssa Keller,"Aug 6, 2025",(572) 378-8784,donec@icloud.couk,"319-2390 Tellus, Ave",Sakhalin,96734-375,Germany
Mallory Black,"Apr 13, 2025",(731) 388-8831,quisque.ac@protonmail.edu,710-9083 Penatibus St.,Kursk,7777,Vietnam
Eleanor Lamb,"Nov 12, 2025",1-571-575-8548,eros@aol.couk,"Ap #629-6286 Et, Ave",Gravataí,76064,Spain
Fredericka Mcknight,"Jan 28, 2024",1-271-786-5251,duis@aol.org,Ap #429-4185 Dis St.,Mohmand Agency,824230,Chile
Delilah Figueroa,"Mar 14, 2025",1-468-952-9936,ipsum@hotmail.ca,Ap #832-7058 Ultrices St.,Oviedo,391864,Pakistan
Shannon Hanson,"Dec 27, 2025",(880) 431-1287,aliquam@outlook.ca,Ap #472-6385 Lorem St.,Campina Grande,857242,Turkey
Tamara Travis,"Apr 8, 2024",(506) 740-2836,integer.urna.vivamus@hotmail.net,Ap #769-363 Nunc Ave,Vĩnh Long,756687,Pakistan
Naomi Hancock,"Dec 31, 2024",1-257-407-7926,nunc.id@protonmail.com,Ap #326-1118 Nascetur St.,Kendari,142210,South Korea
Jescie Bryan,"Feb 26, 2025",1-249-742-5655,mauris@protonmail.net,8533 Sagittis Ave,Okene,UP7L 5LP,Canada
Gareth Mcgowan,"Jun 18, 2025",(182) 739-1985,tempor@icloud.ca,"Ap #785-7994 Sed, St.",Lai Châu,24358,Peru
Mercedes Stafford,"May 2, 2024",1-931-571-0215,eu.nibh.vulputate@icloud.org,Ap #418-7551 Semper Street,Minneapolis,48587,New Zealand
Zenia Willis,"Feb 15, 2024",1-252-228-1131,dapibus.id@protonmail.couk,425-1897 Volutpat St.,Hamilton,61B 7E9,Austria
Tyrone Horn,"Jan 13, 2024",1-629-386-5111,lectus@protonmail.edu,367-8477 Tincidunt Rd.,Carpignano Salentino,28039,South Africa
Pamela Mullins,"Aug 20, 2025",1-882-716-6758,mattis.integer@icloud.ca,"P.O. Box 798, 8986 Etiam Av.",Pskov,62837,Vietnam
Tarik Battle,"Aug 22, 2024",(471) 797-4913,lobortis.quam@outlook.com,6102 Ac St.,Caxias do Sul,565735,Chile
Isaiah Camacho,"Oct 29, 2025",(120) 317-6235,quis.arcu@google.org,Ap #524-8422 Fusce St.,Mauá,44301,Norway
Caesar Lindsey,"May 25, 2025",1-256-821-8968,leo.cras@google.couk,Ap #820-8884 Pellentesque Road,Madison,7109,Poland
Nathaniel Love,"Mar 13, 2025",1-417-211-9175,dictum.eu.placerat@protonmail.ca,"P.O. Box 445, 9941 Adipiscing Road",Starachowice,22391,Philippines
Giacomo Livingston,"Nov 29, 2025",1-879-770-6604,pede.ultrices@google.com,"9596 Elit, Ave",Titagarh,74586,Austria
Julian Clarke,"Nov 26, 2025",1-554-279-8536,non.ante@google.edu,733-2031 Augue St.,Puchuncaví,73767,Poland
Jacqueline Knight,"Mar 4, 2024",1-254-954-4587,quis@protonmail.net,Ap #748-3850 Eu Avenue,Novosibirsk,26134,Brazil
Matthew Macias,"Nov 25, 2025",(478) 613-0676,sodales.nisi@protonmail.com,4906 Adipiscing Avenue,Hong Kong,60657,Costa Rica
Abigail May,"Jul 21, 2025",(528) 317-7559,et.magnis@icloud.com,Ap #607-8101 Donec Rd.,Hilo,T6T 9E7,Russian Federation
Melvin Harvey,"May 20, 2025",(978) 812-9793,in.condimentum.donec@outlook.org,Ap #132-1675 Augue Street,Malang,10317,Netherlands
Hope Beasley,"May 14, 2025",(935) 243-2834,nam.interdum.enim@hotmail.couk,435-8388 Urna. Avenue,Jönköping,44888,Nigeria
Howard Moody,"Aug 24, 2025",(717) 562-4721,mauris@aol.ca,Ap #525-7755 Commodo Rd.,Killa Abdullah,21115,China
Yoshio Frost,"Jul 9, 2024",(617) 850-1756,consectetuer.rhoncus@aol.edu,9476 Gravida Av.,Wałbrzych,25409,Italy
Amanda Whitney,"Jun 25, 2024",(457) 347-2386,donec.luctus@icloud.ca,Ap #121-7190 Commodo Avenue,San Luis Potosí,762372,Pakistan
Judah Mayo,"Oct 9, 2024",1-319-336-2941,erat.in@aol.edu,"Ap #605-2252 Adipiscing, Street",Port Lincoln,370057,Philippines
India Schneider,"May 25, 2025",(727) 364-4286,lectus.justo@hotmail.net,"Ap #922-3614 Lobortis, Rd.",Cochrane,1286,Canada
Cailin David,"Jul 26, 2025",1-399-222-2141,phasellus.in@aol.net,493-9427 Eu Rd.,Thuận Châu,54852,Ireland
Sylvester Barrera,"Feb 28, 2024",1-747-347-6117,feugiat.placerat.velit@icloud.org,Ap #805-2671 Posuere St.,Guápiles,52614,Philippines
Clio Mclean,"Jul 4, 2025",1-725-657-1339,ullamcorper.viverra@protonmail.edu,Ap #599-3197 Urna Rd.,Cartago,2037,Sweden
Madeline Price,"Dec 9, 2025",(663) 564-7807,etiam.imperdiet@protonmail.com,"P.O. Box 614, 9945 Consequat Rd.",Cobourg,5645,Brazil
Hedy Solomon,"May 1, 2025",1-486-543-8123,gravida.sit@google.ca,572-4612 Mollis Street,Mariquina,14831,Austria
Armando Chapman,"Jan 28, 2025",1-548-244-7947,maecenas.ornare@outlook.com,580-8017 Semper St.,Carmen de Bolivar,887846,Norway
Eaton Lindsey,"Jul 22, 2025",1-675-232-5544,eu.eleifend.nec@hotmail.edu,947-5742 Gravida Ave,Tapachula,4787,Canada
Graiden Villarreal,"Jun 26, 2024",1-312-311-1543,mattis.ornare@protonmail.ca,271-6854 Aliquet Rd.,Gisborne,82765,Singapore
Anne Britt,"Feb 18, 2024",1-681-441-4387,tellus.phasellus.elit@aol.com,8513 Non Rd.,Đồng Hới,30943,India
Yvette Stewart,"Jul 11, 2024",1-594-641-1161,magna.suspendisse.tristique@outlook.com,833-1268 Velit Av.,Port Augusta,835344,Australia
Jenette Hart,"Feb 5, 2024",1-393-485-6824,eu.augue@icloud.edu,Ap #561-9507 Mus. Rd.,Clackmannan,4533,Austria
Caldwell Herring,"Jul 12, 2024",(271) 295-3122,orci.lacus@protonmail.net,3135 In Avenue,Bắc Giang,723967,Norway
Chanda Kent,"Aug 30, 2024",1-746-227-0226,montes.nascetur@yahoo.edu,"5304 Vitae, St.",Grimma,4984,Australia
Maris Chase,"Apr 6, 2025",(237) 414-0325,vivamus.sit.amet@google.couk,Ap #783-9265 Mauris Ave,Teruel,40409,Belgium
Coby Fuller,"Feb 1, 2024",1-211-771-8745,in.mi@outlook.net,"P.O. Box 459, 9708 Lectus Avenue",Gijón,18229,Pakistan
Hop Fry,"Sep 26, 2024",1-411-867-1508,nunc@yahoo.net,Ap #190-2405 Dictum Street,Sơn La,6504,Chile
Ursula Duncan,"Aug 31, 2025",(290) 615-8292,tincidunt.nunc.ac@protonmail.couk,907-824 Odio. Ave,Feldkirchen in Kärnten,35655,Nigeria
Mariam Stout,"Apr 9, 2024",(165) 797-6582,phasellus.fermentum@aol.couk,Ap #123-9935 Porttitor Rd.,Gwangju,18996,Chile
Wyoming Aguirre,"Sep 28, 2024",(316) 686-2763,risus@google.ca,6664 Aliquet. Rd.,Awka,90738,Canada
Ora Lawrence,"Mar 2, 2024",(835) 125-9757,curabitur.sed.tortor@yahoo.com,Ap #290-1773 Arcu. Avenue,Port Augusta,HP8 8WC,Russian Federation
Laith Key,"Jul 30, 2024",(215) 772-1177,nulla.magna.malesuada@protonmail.edu,"608-8802 Orci, Rd.",Calestano,641845,Spain
Paul Cobb,"Sep 18, 2025",(988) 418-2677,sit@google.org,"P.O. Box 350, 5363 Amet Road",Kaliningrad,624561,Sweden
Regina Murray,"Jul 30, 2025",1-665-771-5604,auctor.mauris@protonmail.ca,4811 Cursus Av.,Panjim,11232,Vietnam
Brynne Herrera,"Jun 22, 2024",(344) 342-0126,mauris@protonmail.org,617-3413 Metus Ave,Austin,555178,Turkey
Adrienne Abbott,"Jun 7, 2024",1-737-443-9545,phasellus@yahoo.com,"P.O. Box 259, 6440 Enim. Ave",Burnie,68635,Canada
Leslie Holloway,"Apr 30, 2024",1-884-516-8475,consectetuer.rhoncus@icloud.org,Ap #435-5594 Lacinia Rd.,Cañas,C9B 5HB,Brazil
Colton Mclean,"Jul 9, 2025",(528) 227-3614,libero.donec.consectetuer@google.net,7264 Fames St.,North Shore,51518,Austria
Keelie Valdez,"Sep 28, 2024",1-216-281-7128,cum.sociis@protonmail.net,Ap #340-9197 Dictum Street,Celaya,9678,Norway
Aidan Poole,"Sep 18, 2025",(649) 132-6557,dis.parturient.montes@aol.org,7236 Varius St.,Guarapuava,28867,Singapore
Ella Joyce,"Oct 14, 2024",1-363-240-9386,elit.dictum@icloud.net,743-635 Dignissim Avenue,Beijing,56117,United Kingdom
Raja French,"Dec 20, 2024",1-534-957-7693,volutpat.nunc@outlook.org,238-8173 Dictum St.,Limón (Puerto Limón],378564,France
Rina Sutton,"Mar 16, 2024",1-552-636-6211,commodo.auctor.velit@yahoo.org,881-6791 Et St.,Tumba,O5L 3T2,Australia
Amir Ochoa,"Aug 20, 2024",(804) 338-1023,mauris@google.couk,569-1606 Mauris Street,Lào Cai,50807,South Africa
Levi Wall,"Feb 23, 2024",1-353-362-7787,augue@icloud.org,Ap #216-6735 Dui Rd.,Lloydminster,8722,China
Naida Calderon,"Jul 9, 2025",(341) 151-1584,nunc.ut@aol.edu,907-2924 Porttitor Rd.,Phong Thổ,8274-8325,India
Jerry Trevino,"Jul 22, 2025",(578) 535-3620,cras.dolor@outlook.ca,"423-1614 Nec, Avenue",Tarakan,SQ3 7KI,Norway
Vielka Rosales,"Jul 31, 2025",(296) 261-3683,imperdiet@hotmail.net,Ap #161-9454 Aliquet Street,Ludwigsburg,554779,United Kingdom
Brody Warner,"Sep 30, 2025",1-434-867-9848,arcu.morbi.sit@outlook.ca,284-8238 Ornare Street,Miami,368957,United States
Tad Crane,"Sep 15, 2024",1-376-110-9246,et.pede@google.org,4179 Libero Avenue,Fairbanks,47611,Philippines
Roanna Erickson,"Sep 4, 2025",1-704-560-4439,mauris.blandit.mattis@google.net,9526 Donec St.,Bridgwater,7370,United Kingdom
Bruce Coffey,"Nov 7, 2024",1-238-714-1458,duis.cursus.diam@google.edu,178-6254 Integer Av.,Wolverhampton,6425 ON,Germany
Denise Kidd,"Nov 28, 2025",1-691-656-1225,aliquet.molestie@outlook.ca,Ap #985-8030 Nisi Ave,Gyeongju,7671,New Zealand
Ross Barrera,"Oct 4, 2024",1-555-468-6054,ultricies.adipiscing@protonmail.ca,"P.O. Box 731, 1370 Diam Av.",Secunda,4040 FC,Spain
Zia Melendez,"Apr 15, 2024",1-164-661-5757,curabitur.vel@protonmail.net,835-4065 Nibh St.,Yunnan,86776,Ireland
Daquan Wood,"Jan 31, 2024",(472) 574-2823,sem.egestas@google.edu,652-5971 Egestas Road,Gressoney-Saint-Jean,39170,Poland
Coby Dorsey,"Jul 30, 2025",1-682-577-8418,felis@protonmail.org,Ap #754-543 Ante Road,Weißenfels,2743 NU,Vietnam
Ethan Knapp,"Mar 19, 2024",1-240-818-1276,adipiscing@yahoo.net,Ap #605-6829 Risus Ave,Belfast,204631,Germany
Finn Workman,"Aug 8, 2025",(736) 554-1330,at.velit@yahoo.couk,407-534 Ac St.,Koszalin,05518,France
Chloe Burns,"Jun 11, 2024",1-988-719-3504,cursus.non@aol.com,144-5224 Purus. St.,Belfast,14738,Turkey
Uriah Bridges,"Sep 21, 2024",(837) 592-5549,gravida@hotmail.org,Ap #113-7202 Pellentesque St.,Berlin,477691,Belgium
Kasper Cruz,"Aug 29, 2025",1-842-380-5582,mauris.erat.eget@protonmail.com,Ap #669-4333 Lorem Street,Boon Lay,55343-68862,United States
Garrison Cleveland,"Oct 10, 2025",1-302-145-1731,est.ac@icloud.edu,"7338 Id, Rd.",Arica,300842,United Kingdom
Galena Fowler,"May 30, 2024",1-676-584-3636,ornare.fusce@icloud.com,Ap #637-2549 Duis St.,Bama,9117,Vietnam
Brady Bean,"Mar 4, 2025",(732) 461-9717,nec.urna.et@hotmail.net,Ap #592-8351 Dolor. Rd.,Sierning,11900,Chile
Raphael Noble,"Jun 4, 2024",(725) 274-5658,tempor.arcu@protonmail.couk,"685-3479 Vel, Street",Antakya,693578,Turkey
Anastasia Valentine,"Jan 11, 2025",1-834-933-7082,turpis.egestas@protonmail.org,"P.O. Box 170, 2924 Eleifend. St.",Suwałki,716062,Australia
William Price,"Jul 21, 2024",1-456-582-7410,amet@hotmail.edu,Ap #228-7482 Eu Road,Kaluga,86454-93624,Chile
Avram Carlson,"Dec 27, 2025",1-154-680-8700,est.congue@hotmail.net,"P.O. Box 378, 2823 Facilisis Av.",Moss,50323,France
Ashton Gross,"Apr 6, 2024",(783) 283-4402,aliquam.fringilla@hotmail.com,Ap #509-765 Dolor Ave,Simpang,241338,Sweden
Madonna Woods,"Feb 10, 2025",1-752-947-5437,a.nunc@aol.couk,784-3138 Cursus Rd.,Okpoko,3972,Pakistan
Ciara Booth,"Mar 19, 2025",(519) 777-5286,libero@aol.couk,Ap #234-8932 Ornare Ave,Korosten,83711,Australia
Laurel Wagner,"May 27, 2024",1-468-694-8771,est@yahoo.net,"P.O. Box 654, 7401 Quis Av.",Pinneberg,28884,Chile
Willow Bryan,"Jun 21, 2024",(387) 338-8832,ultricies.dignissim.lacus@icloud.edu,"Ap #307-5508 Eu, St.",Dublin,829770,Norway
Desirae Wiley,"Jun 28, 2024",(662) 834-2976,nascetur.ridiculus.mus@aol.com,"522-9807 Et, St.",Castelluccio Valmaggiore,115881,Turkey
Jordan Mcgowan,"Jan 31, 2024",(157) 680-7600,varius@yahoo.ca,"P.O. Box 333, 1541 Neque. Avenue",Da Lat,5478,Russian Federation
Janna Lowe,"Sep 20, 2024",1-431-881-8457,magna.duis@icloud.edu,Ap #555-1817 Volutpat. Road,Palembang,2763,Netherlands
Brittany Lynch,"Dec 9, 2025",1-364-463-8673,imperdiet.non@aol.ca,369-1461 Ut Ave,Valuyki,6045-7764,France
Virginia Burton,"May 7, 2024",1-184-844-0125,eget.odio@protonmail.com,"312-7004 Facilisis, Rd.",Freirina,2141,Pakistan
Tallulah Cain,"Jul 26, 2024",(744) 421-9192,purus.in@hotmail.ca,Ap #354-1621 Arcu. Av.,Gdynia,51524,Germany
Slade Benjamin,"Aug 29, 2025",(745) 871-1216,mi.aliquam@outlook.org,"P.O. Box 682, 7222 Integer Rd.",Campina Grande,80583-855,Nigeria
Dalton Pollard,"Dec 9, 2025",(675) 159-4332,donec.nibh@yahoo.edu,201-4312 Lorem Av.,Qinghai,11-62,Ireland
Noelle Bean,"Feb 19, 2025",(402) 439-6148,sagittis.lobortis@google.com,6635 Et St.,Sangerhausen,84577,France
Melvin Mcconnell,"Sep 15, 2025",(353) 631-1346,placerat.augue@protonmail.ca,9721 Hendrerit Street,Tarsus,7917,Poland
Maya Chapman,"Jan 20, 2024",(884) 418-5540,sed.eu.nibh@hotmail.com,361-2553 Donec Ave,Tân An,39431,Sweden
Susan Reilly,"Mar 11, 2025",(623) 127-8359,inceptos.hymenaeos@aol.edu,Ap #372-3747 Ac Street,Lạng Sơn,51340,New Zealand
Slade Chapman,"Jul 21, 2024",(462) 469-2188,justo.proin.non@icloud.com,844-2327 Egestas Road,Germiston,2634,Spain
Candace Spears,"Oct 1, 2024",(156) 370-4438,tristique.ac.eleifend@outlook.com,558-5334 Lacinia St.,North Waziristan,130344,South Africa
Hammett Mccarthy,"May 4, 2024",(405) 831-7125,augue@hotmail.couk,990-7173 Cursus Avenue,Antofagasta,94518,Peru
Adele Tyler,"Feb 9, 2024",(642) 806-6566,ipsum@google.com,Ap #208-322 Massa Rd.,Phan Thiết,809146,New Zealand
Nehru Dalton,"Apr 10, 2025",(877) 554-8634,erat.nonummy.ultricies@google.couk,Ap #121-164 Molestie Ave,Gloucester,21868,Netherlands
Naida Witt,"Sep 29, 2025",1-234-246-0268,id.sapien@aol.com,"Ap #854-6886 Consectetuer, Avenue",Bishan,1161,Philippines
David Jennings,"Apr 8, 2025",1-884-488-8330,ac@protonmail.org,"P.O. Box 850, 8773 Orci. Av.",Querétaro,41823,Belgium
Amethyst Barlow,"Feb 1, 2025",(566) 534-4079,non.sollicitudin@outlook.couk,Ap #546-403 Habitant Avenue,Illapel,65798,United Kingdom
Yoko Vance,"Feb 6, 2024",1-655-523-1575,ut@hotmail.edu,Ap #875-1397 Cubilia Road,Shimla,23137,Spain
Gavin Atkins,"Jun 29, 2024",1-845-362-4118,consequat.nec.mollis@yahoo.org,427-6935 Diam Ave,St. Andrä,2391,Australia
Clio Glover,"Jun 29, 2024",(160) 124-3738,semper.tellus@aol.ca,Ap #633-5794 In Road,Pskov,54164,Australia
Amelia Love,"Sep 19, 2025",1-716-378-2924,nonummy.fusce@icloud.couk,807-3474 Pede. Rd.,Tarnów,428842,United States
Hilel Duffy,"Jun 28, 2024",1-816-712-2244,sem.mollis.dui@outlook.ca,574-2047 Volutpat. Ave,Changi,72-39,South Korea
Todd Beasley,"Dec 3, 2025",1-128-321-4292,nullam.vitae.diam@outlook.net,Ap #216-6750 Aliquam St.,Adana,349125,United States
Kuame Mccall,"Aug 17, 2025",(750) 203-3143,nunc.sollicitudin@outlook.couk,7783 Dapibus Ave,Slough,76742-594,Sweden
Hadassah Shepard,"Aug 16, 2024",1-638-613-7785,montes.nascetur@protonmail.edu,3990 Tempor Ave,Gdynia,5732,Philippines
Colorado Hendricks,"Jan 31, 2025",(577) 801-6534,cursus.a@protonmail.ca,Ap #984-792 Consequat Street,Hall in Tirol,8775,Indonesia
Orson Holman,"Jan 28, 2025",(305) 812-9166,et.ultrices@aol.org,4588 Purus Ave,Goiânia,7616,Costa Rica
Calvin Marquez,"May 11, 2024",1-711-458-3776,scelerisque.scelerisque.dui@icloud.couk,8371 Maecenas Av.,Valéncia,BI88 2MY,India
Kim Christian,"Jun 10, 2025",(727) 559-3291,lacus.ut@google.net,727-8116 Lorem Avenue,Acapulco,13-89,Canada
Stephanie Harding,"Sep 5, 2024",1-451-450-5484,nec@icloud.ca,3635 Elit. Rd.,Mukachevo,144761,Turkey
Penelope Ramos,"Apr 23, 2024",1-235-423-3523,nulla.donec@protonmail.com,Ap #790-3428 Purus. Street,Ludvika,21304,Austria
Kevyn Dominguez,"Mar 7, 2024",1-363-368-8726,erat.vel@yahoo.com,"P.O. Box 925, 8576 Consectetuer, St.",Koszalin,613344,Brazil
Matthew King,"Sep 6, 2024",(853) 267-4524,id@icloud.net,830-2009 Sed St.,Kamianske,9927,United States
Henry Alston,"Sep 5, 2024",(707) 268-2645,in.lorem.donec@icloud.net,Ap #647-4480 Erat. St.,Zwolle,67030,Peru
Baker Holden,"Dec 2, 2024",1-530-434-0031,quisque.ornare@icloud.ca,342-2319 Duis Av.,Mielec,7925,South Korea
Bryar Donovan,"May 26, 2025",1-685-475-0669,accumsan@hotmail.ca,"P.O. Box 446, 2284 Ornare, Ave",Newcastle,426864,Italy
Mohammad Hayden,"Sep 29, 2025",1-604-266-6566,amet@hotmail.com,"4123 A, Rd.",Blenheim,03866-43036,Brazil
Giacomo Swanson,"Jul 22, 2025",(656) 271-7466,ante.lectus@icloud.com,579-7414 Non Av.,Purulia,7229,Chile
Nero Martin,"Jan 6, 2025",(285) 360-5352,amet.consectetuer@aol.org,862-4035 Magna. Avenue,Hamoir,65811,Turkey
Timothy Cohen,"Jan 23, 2024",(224) 485-2785,augue.eu@google.net,Ap #744-5845 Risus. Avenue,Pontianak,09962,United Kingdom
Davis Sullivan,"Jul 16, 2024",1-477-624-9933,dui.cras@hotmail.couk,Ap #159-9770 Nunc Ave,Seogwipo,6611,Philippines
Jelani Blevins,"May 12, 2025",1-326-771-4321,ac@aol.edu,"P.O. Box 294, 4864 Eleifend, Rd.",Sankt Johann im Pongau,28872,Brazil
Lara Richmond,"Apr 2, 2025",1-687-745-0168,nulla.integer@google.ca,Ap #798-4884 Placerat Avenue,Burns Lake,391481,Colombia
Kuame Greer,"Mar 24, 2024",1-811-735-1535,libero.integer.in@aol.edu,510-8971 Metus Avenue,Leduc,152344,Canada
Brendan Flores,"Nov 8, 2025",1-620-243-4338,metus.aenean@protonmail.ca,177-9696 Sed St.,San Juan del Río,62582,Norway
Germane Stephenson,"Jan 27, 2024",(667) 572-7047,tellus.imperdiet.non@google.org,972-1141 Quisque Av.,Denpasar,45037,Chile
Yeo Singleton,"Sep 23, 2025",1-977-647-1517,ipsum@aol.couk,143-4120 Sagittis. St.,Oslo,77843,New Zealand
Jessica Ruiz,"Nov 4, 2025",1-329-322-8855,in.hendrerit.consectetuer@icloud.couk,6942 Congue Avenue,Wodonga,12103,South Africa
Cecilia Pope,"May 2, 2025",(767) 690-1259,elementum.dui@yahoo.org,180-4379 Justo Road,Tanglin,83611,South Africa
Willow Mathews,"Apr 3, 2024",1-829-417-6169,orci.adipiscing@hotmail.net,"P.O. Box 321, 1217 In Av.",Sluis,553387,Colombia
Victoria Knight,"Nov 16, 2024",(544) 632-1236,ultricies@aol.net,736-1047 Laoreet Ave,Gwangyang,47103,Belgium
Adrian Sims,"Jun 20, 2025",(677) 817-1462,nibh@protonmail.com,9507 Dui. Rd.,Senftenberg,75129-65228,Canada
Branden Richard,"Oct 31, 2025",(384) 782-3500,magna@yahoo.couk,"8402 Aliquam, Road",Harderwijk,1254,United States
Ryan Vincent,"Jun 14, 2025",(189) 465-9806,arcu@aol.edu,"P.O. Box 875, 1510 Dui. St.",Haisyn,927763,Netherlands
Alexander Patton,"Sep 29, 2024",(145) 971-0202,molestie.sed@protonmail.couk,922-477 Dui Rd.,Pacoa,928272,France
Garrett Howell,"Jan 14, 2024",(815) 609-8856,turpis.non.enim@aol.net,452-1666 Mauris Ave,Chapadinha,18345,Singapore
Hedley Miles,"May 16, 2025",(984) 685-7457,in.tempus.eu@google.org,"P.O. Box 385, 226 Sed St.",Rivne,34033,Russian Federation
Emmanuel Bonner,"Jul 7, 2024",(840) 824-2449,aenean.eget.metus@yahoo.ca,799-4795 Orci. Street,Cartago,21050,Spain
Ori Fox,"May 24, 2025",1-439-546-1304,arcu.sed@protonmail.com,Ap #503-4493 Feugiat Rd.,Hà Giang,3705-3038,Indonesia
August Figueroa,"Mar 5, 2024",(542) 262-3039,lorem.ac.risus@aol.org,4566 Mauris Street,Rochester,1053,Peru
Maryam Hancock,"Aug 22, 2025",1-568-694-1342,rutrum@hotmail.edu,"P.O. Box 967, 7641 Ut Road",Kendari,7589,France
Robin Sanders,"Jul 15, 2025",1-714-334-3830,dolor.egestas.rhoncus@aol.ca,"Ap #275-9785 In, Road",Mo i Rana,631611,Vietnam
Rowan May,"Aug 13, 2024",1-371-880-4128,inceptos.hymenaeos.mauris@yahoo.edu,121-7647 Sit Av.,Galway,79316-73695,Sweden
Mari Gillespie,"Sep 10, 2024",(969) 468-5026,sem@google.com,6927 Arcu. Rd.,Sabadell,12-853,France
Bevis Hammond,"Apr 7, 2024",1-702-831-9858,cras.lorem@outlook.com,7077 Dolor Av.,Tczew,4068,Russian Federation
Asher Peters,"Jul 17, 2024",1-816-589-5162,ultrices.posuere@google.com,"173-9963 Augue, St.",Telde,91819,Netherlands
Victoria Moran,"Mar 4, 2025",1-471-611-8861,curabitur.massa@yahoo.edu,990-5840 Justo St.,Linz,48546,Norway
Howard Allen,"Jan 30, 2024",(665) 733-9175,proin@aol.com,"978-2107 Semper, Rd.",Jurong East,403762,South Africa
Mira Michael,"Sep 20, 2024",1-868-834-2520,non@hotmail.com,"P.O. Box 839, 1621 Cursus Street",Barra do Corda,4773,Pakistan
Igor Donaldson,"Aug 22, 2025",(814) 618-4821,vel.nisl@icloud.com,"P.O. Box 674, 8556 Ut Rd.",Masbate City,138733,Peru
Lucian Phillips,"Apr 1, 2025",1-245-601-3255,dolor.nonummy@protonmail.net,Ap #296-3212 Ornare. Road,Juliaca,90032,Ireland
Zorita Mendoza,"Mar 30, 2024",1-443-263-8016,blandit@hotmail.couk,Ap #644-3557 Sociis Rd.,Cà Mau,3260,Philippines
Zane Jarvis,"Jun 27, 2025",(525) 251-4081,odio.auctor@icloud.org,Ap #321-4371 Quam Road,Soweto,7612,Mexico
Aurelia Lawrence,"Aug 4, 2024",(957) 429-7809,laoreet.lectus@protonmail.net,"P.O. Box 677, 1841 Justo. Street",Belfast,76847,Vietnam
Alexis Winters,"Apr 18, 2025",1-341-240-7094,mauris@protonmail.com,"992-1218 Vel, Rd.",Kemerovo,B3K 3M4,Vietnam
Charles Gordon,"Nov 21, 2024",1-866-627-7167,blandit.congue@protonmail.couk,Ap #583-2241 Dolor. Rd.,Iligan,6645 YM,Mexico
Bruce Tanner,"May 3, 2024",1-311-366-3508,nascetur.ridiculus@aol.edu,271-9387 Lectus Rd.,Bắc Giang,612964,Netherlands
Michael Lucas,"Sep 29, 2025",(991) 768-2511,metus.vitae.velit@google.edu,Ap #487-7711 Eu St.,Kitchener,854775,Philippines
Tamekah Singleton,"Dec 7, 2025",(379) 424-1374,velit@outlook.couk,1966 Nonummy. Ave,Woodlands,2829,Philippines
Medge Ramirez,"Mar 28, 2025",(729) 944-5961,vitae.dolor.donec@outlook.edu,"Ap #365-8994 Tortor, Road",Fort Wayne,5668 ZT,Nigeria
Addison Blair,"Sep 5, 2024",(188) 381-3815,imperdiet@aol.ca,521-1036 Laoreet Road,Canning,192436,Australia
Whilemina Clay,"Jul 13, 2025",(499) 764-1416,sed.pharetra@aol.couk,Ap #931-4697 Dictum Road,Cupar,271594,Mexico
Kevin Montoya,"Sep 19, 2024",(475) 336-3877,non.quam.pellentesque@hotmail.ca,Ap #131-1859 Imperdiet Street,Katsina,357646,Indonesia
Venus Tyler,"Feb 23, 2024",1-488-839-5293,posuere.enim.nisl@outlook.edu,133-2440 Nunc Street,Ørsta,454427,Colombia
Linus Mueller,"Jan 25, 2024",1-897-806-0810,nibh@google.ca,"P.O. Box 477, 4249 Et Road",Beijing,57335,Poland
Quail Burke,"May 15, 2024",1-834-100-3433,mollis.integer@icloud.ca,842-1000 Auctor Ave,Hard,84-68,Pakistan
Alana Huber,"Jan 24, 2025",1-341-767-5468,congue.turpis.in@yahoo.org,819-7863 Nulla St.,Wichita,60860,Mexico
Ferdinand Dale,"Feb 5, 2024",1-793-864-7866,duis.ac.arcu@protonmail.com,135-1363 Odio. St.,Kharmang,983246,Russian Federation
Lucas Copeland,"Apr 21, 2024",1-764-568-6361,primis.in@yahoo.couk,116-1354 Amet Avenue,Recife,A3E 6W1,Turkey
Lacy Quinn,"Sep 11, 2024",(201) 265-5328,tincidunt.nibh@icloud.org,552-6794 Vestibulum Av.,Auburn,156461,Peru
Theodore Brock,"Jun 17, 2025",(525) 647-7063,augue@aol.couk,Ap #875-1317 Augue St.,Quỳnh Côi,7352,Indonesia
Laura Clements,"Mar 9, 2025",1-142-220-3509,vitae.sodales@outlook.net,Ap #616-2327 Convallis Road,East London,566452,Nigeria
Chaim West,"Nov 19, 2024",(517) 746-8111,turpis.aliquam.adipiscing@icloud.net,Ap #234-3849 Mauris St.,Jambi,3670,Ireland
Maisie Wise,"Jan 20, 2025",1-272-240-6736,orci@hotmail.com,"Ap #334-6341 Pharetra, Street",Talara,564444,Turkey
